timestamp,temperature,current,flow,vibration,health,source
2026-03-21 16:00:11,48.56,0.62,3.32,0.8177,0,synthetic
2026-03-21 16:00:25,44.75,1.86,1.68,0.8434,0,synthetic
2026-03-21 16:01:41,39.01,1.87,1.45,1.1131,0,synthetic
2026-03-21 16:01:11,38.72,0.98,6.34,0.3108,0,synthetic
2026-03-21 16:01:52,42.62,0.89,3.15,1.523,0,synthetic
2026-03-21 16:01:23,36.6,0.7,1.89,1.8074,0,synthetic
2026-03-21 15:59:57,64.4,2.3,6.67,1.5607,1,synthetic
2026-03-21 16:01:22,36.39,0.39,1.37,0.4835,0,synthetic
2026-03-21 16:01:41,49.6,1.91,3.14,1.9824,1,synthetic
2026-03-21 16:02:43,38.41,1.27,5.15,1.0299,0,synthetic
2026-03-21 16:00:04,45.49,2.11,1.35,0.7074,0,synthetic
2026-03-21 16:00:38,42.81,1.02,6.23,0.5815,0,synthetic
2026-03-21 16:02:58,59.39,1.45,7.38,3.3379,1,synthetic
2026-03-21 16:02:06,45.13,1.58,3.46,0.7176,0,synthetic
2026-03-21 16:02:24,54.12,2.38,3.37,0.7559,0,synthetic
2026-03-21 16:01:26,42.71,1.49,4.05,1.2393,0,synthetic
2026-03-21 16:00:13,32.51,1.8,4.06,1.1097,0,synthetic
2026-03-21 16:02:21,61.15,2.23,10.54,2.5538,1,synthetic
2026-03-21 16:02:39,47.33,2.28,3.34,1.5556,0,synthetic
2026-03-21 16:02:38,44.68,1.99,1.45,1.9146,1,synthetic
2026-03-21 15:59:47,38.76,0.69,4.24,0.5362,0,synthetic
2026-03-21 16:02:15,45.66,0.5,2.0,0.8573,0,synthetic
2026-03-21 16:02:09,30.77,0.86,6.5,1.2496,1,synthetic
2026-03-21 16:02:07,33.36,1.31,13.04,2.2719,1,synthetic
2026-03-21 16:00:49,61.71,1.65,5.28,2.0567,1,synthetic
2026-03-21 16:00:28,61.43,1.72,8.33,1.3474,1,synthetic
2026-03-21 16:00:44,48.48,2.68,2.03,1.0666,1,synthetic
2026-03-21 16:01:38,42.42,0.7,6.4,1.4093,0,synthetic
2026-03-21 16:01:42,49.71,2.07,0.56,0.9477,0,synthetic
2026-03-21 16:01:52,54.67,1.97,0,1.9915,1,synthetic
2026-03-21 16:00:42,49.24,1.42,0.88,1.1175,1,synthetic
2026-03-21 16:00:14,41.82,2.06,3.45,0.6591,0,synthetic
2026-03-21 16:01:58,54.22,2.11,2.8,1.0397,0,synthetic
2026-03-21 16:00:57,59.93,2.24,2.92,2.6701,1,synthetic
2026-03-21 16:02:56,37.62,1.28,6.12,1.6007,0,synthetic
2026-03-21 16:02:04,28.36,0.65,2.05,1.1006,0,synthetic
2026-03-21 16:02:10,29.81,0.88,3.1,0.4811,0,synthetic
2026-03-21 16:01:19,38.21,0.82,3.96,1.1184,1,synthetic
2026-03-21 16:01:14,47.69,1.88,2.62,0.5952,0,synthetic
2026-03-21 16:00:21,43.01,1.47,5.2,1.0494,0,synthetic
2026-03-21 16:00:24,37.93,1.36,5.89,0.3782,0,synthetic
2026-03-21 15:59:54,43.6,1.6,3.51,0.8974,0,synthetic
2026-03-21 16:02:04,52.18,1.94,2.56,0.9767,1,synthetic
2026-03-21 16:01:53,48.07,2.35,5.07,0.9493,1,synthetic
2026-03-21 16:00:44,40.06,0.88,2.01,0.9658,0,synthetic
2026-03-21 16:02:02,35.55,0.98,4.2,1.1684,0,synthetic
2026-03-21 16:01:35,52.04,2.08,13.9,1.7922,1,synthetic
2026-03-21 16:01:58,42.44,2.3,0,1.3589,1,synthetic
2026-03-21 16:01:40,57.42,1.63,10.12,2.3823,1,synthetic
2026-03-21 15:59:41,27.74,0.77,5.34,0.2887,0,synthetic
2026-03-21 16:01:30,42.58,0.92,5.2,1.2351,0,synthetic
2026-03-21 16:02:30,35.49,0.53,6.05,1.3065,1,synthetic
2026-03-21 16:00:19,48.66,2.53,10.4,1.4434,1,synthetic
2026-03-21 15:59:52,38.5,1.32,1.23,1.4738,0,synthetic
2026-03-21 16:00:18,43.48,1.65,11.5,1.0812,1,synthetic
2026-03-21 15:59:49,35.87,1.17,1.06,1.1347,0,synthetic
2026-03-21 16:01:01,40.06,1.47,4.87,0.2246,0,synthetic
2026-03-21 16:02:18,61.93,2.38,7.59,1.3557,1,synthetic
2026-03-21 16:00:55,56.39,1.18,10.02,1.2048,1,synthetic
2026-03-21 16:02:10,55.03,2.11,5.39,1.8684,1,synthetic
2026-03-21 16:02:36,33.36,0.86,3.54,1.2767,0,synthetic
2026-03-21 16:02:59,63.96,1.5,5.48,2.0118,1,synthetic
2026-03-21 16:02:43,42.47,2.1,3.93,1.8297,1,synthetic
2026-03-21 16:00:36,40.16,1.22,3.49,1.2872,0,synthetic
2026-03-21 16:00:18,42.3,1.45,5.82,0.9855,0,synthetic
2026-03-21 16:01:27,42.95,1.25,5.02,0.9364,0,synthetic
2026-03-21 16:02:54,37.91,1.26,5.57,0.6544,0,synthetic
2026-03-21 16:01:49,46.41,0.56,0.79,0.8869,0,synthetic
2026-03-21 16:01:00,50.07,1.47,1.9,2.6757,1,synthetic
2026-03-21 16:02:48,63.6,1.56,11.28,0.845,1,synthetic
2026-03-21 16:01:13,68.79,2.41,6.72,1.3321,1,synthetic
2026-03-21 16:00:03,37.42,1.05,4.68,0.4008,0,synthetic
2026-03-21 16:01:51,58.21,2.6,4.04,1.6083,1,synthetic
2026-03-21 16:00:48,47.77,1.32,2.39,1.2501,0,synthetic
2026-03-21 16:02:28,35.48,1.24,5.74,0.1516,0,synthetic
2026-03-21 16:02:17,41.29,2.09,2.61,1.2546,1,synthetic
2026-03-21 16:02:11,38.0,0.95,1.78,1.5854,0,synthetic
2026-03-21 16:00:00,44.92,2.27,1.6,1.0375,0,synthetic
2026-03-21 16:02:33,37.94,1.06,1.57,0.9217,0,synthetic
2026-03-21 15:59:58,43.37,0.31,2.51,1.2325,0,synthetic
2026-03-21 16:00:35,31.64,0.21,3.01,0.3888,0,synthetic
2026-03-21 16:00:21,49.44,1.84,1.83,1.3214,1,synthetic
2026-03-21 16:00:58,39.03,2.02,12.17,1.4299,1,synthetic
2026-03-21 16:02:41,38.3,2.11,0.29,2.2383,0,synthetic
2026-03-21 16:02:25,42.45,1.37,6.4,1.9228,1,synthetic
2026-03-21 16:02:14,57.82,1.91,8.55,1.3667,1,synthetic
2026-03-21 16:02:22,49.64,1.07,3.21,0.6181,0,synthetic
2026-03-21 16:02:48,27.95,1.43,0,1.2459,0,synthetic
2026-03-21 16:01:43,41.73,1.47,4.97,1.5103,1,synthetic
2026-03-21 16:01:03,48.28,0.96,5.82,1.0136,0,synthetic
2026-03-21 16:00:06,38.31,1.36,5.58,0.5626,0,synthetic
2026-03-21 15:59:56,50.26,0.4,1.26,0.6759,0,synthetic
2026-03-21 16:01:16,50.18,1.78,7.0,1.5631,1,synthetic
2026-03-21 16:00:37,31.97,0.97,5.56,0.1472,0,synthetic
2026-03-21 16:01:32,59.41,1.57,8.27,2.264,1,synthetic
2026-03-21 16:01:49,58.39,1.71,12.28,1.2117,1,synthetic
2026-03-21 16:01:02,36.88,2.66,10.13,2.2349,1,synthetic
2026-03-21 16:01:21,62.16,1.73,12.84,0.8832,1,synthetic
2026-03-21 16:01:23,43.79,1.95,5.08,1.8612,1,synthetic
2026-03-21 16:00:13,55.78,2.0,0.15,1.8721,1,synthetic
2026-03-21 16:00:10,46.88,1.87,6.84,0.7391,0,synthetic
2026-03-21 16:02:58,40.5,1.82,4.28,0.8984,0,synthetic
2026-03-21 16:00:09,55.37,1.6,4.78,1.5899,0,synthetic
2026-03-21 15:59:47,43.08,1.16,5.41,1.5128,1,synthetic
2026-03-21 16:00:40,42.89,2.55,14.72,1.4248,1,synthetic
2026-03-21 16:02:39,51.84,2.75,8.41,1.0367,1,synthetic
2026-03-21 16:01:06,28.41,1.75,0.78,0.7888,0,synthetic
2026-03-21 16:02:51,30.71,0.19,1.44,1.868,0,synthetic
2026-03-21 16:00:24,53.77,1.54,14.15,0.7583,1,synthetic
2026-03-21 16:02:16,58.83,1.73,6.69,0.9059,1,synthetic
2026-03-21 16:02:45,45.24,1.13,5.7,0.6505,0,synthetic
2026-03-21 16:00:35,36.6,1.87,6.75,2.9777,1,synthetic
2026-03-21 16:02:59,35.87,1.09,0,0,0,synthetic
2026-03-21 16:02:27,65.42,1.97,6.02,1.3565,1,synthetic
2026-03-21 16:01:34,35.45,1.33,5.78,0.921,0,synthetic
2026-03-21 16:00:03,64.15,1.63,6.5,1.6986,1,synthetic
2026-03-21 16:01:33,69.17,2.7,9.5,0.9853,1,synthetic
2026-03-21 16:00:50,53.58,1.94,8.89,2.1874,1,synthetic
2026-03-21 16:00:15,50.8,1.05,4.56,1.1617,0,synthetic
2026-03-21 16:00:51,38.47,0.61,4.45,0.4396,0,synthetic
2026-03-21 15:59:48,43.03,1.0,5.48,1.3538,1,synthetic
2026-03-21 16:01:24,35.92,0.69,2.52,1.1538,0,synthetic
2026-03-21 16:02:24,51.26,2.63,4.09,1.6242,1,synthetic
2026-03-21 16:00:29,33.94,1.41,4.86,1.6372,0,synthetic
2026-03-21 16:01:06,59.63,1.91,3.7,0.924,1,synthetic
2026-03-21 16:00:12,43.08,2.05,3.98,1.3509,0,synthetic
2026-03-21 16:01:34,61.08,2.12,9.88,1.5539,1,synthetic
2026-03-21 16:02:34,42.77,0.98,5.37,1.4571,0,synthetic
2026-03-21 16:01:55,50.08,1.93,7.46,1.2219,1,synthetic
2026-03-21 16:00:32,46.22,1.77,3.37,1.7263,1,synthetic
2026-03-21 16:00:40,44.79,1.05,4.5,1.6654,0,synthetic
2026-03-21 16:00:57,26.89,1.02,5.83,1.1145,0,synthetic
2026-03-21 16:02:28,53.36,1.88,4.83,1.0387,1,synthetic
2026-03-21 16:01:10,39.83,1.55,2.64,0,0,synthetic
2026-03-21 16:00:22,56.99,1.28,10.83,1.5092,1,synthetic
2026-03-21 16:02:20,42.66,0.95,3.1,1.0268,0,synthetic
2026-03-21 16:01:30,51.07,2.54,11.28,1.3941,1,synthetic
2026-03-21 16:02:05,43.57,1.69,7.04,1.9703,1,synthetic
2026-03-21 16:01:45,38.88,0.57,3.66,0.5696,0,synthetic
2026-03-21 16:02:54,36.34,1.38,10.31,1.3746,1,synthetic
2026-03-21 16:02:22,56.4,1.92,3.4,0.93,1,synthetic
2026-03-21 16:01:54,61.94,2.17,9.86,1.099,1,synthetic
2026-03-21 16:00:43,41.1,0.89,5.08,0.646,0,synthetic
2026-03-21 15:59:50,43.68,2.44,4.94,0.5202,0,synthetic
2026-03-21 15:59:40,62.09,1.67,8.09,2.8977,1,synthetic
2026-03-21 16:02:03,34.99,1.5,3.15,1.3038,0,synthetic
2026-03-21 16:01:37,45.46,0.46,2.83,0.5294,0,synthetic
2026-03-21 16:01:48,45.49,1.16,2.81,0.7503,0,synthetic
2026-03-21 16:00:30,44.15,2.07,5.15,0.5146,0,synthetic
2026-03-21 16:01:47,45.67,1.9,9.26,1.5919,1,synthetic
2026-03-21 16:00:31,38.49,1.94,3.88,1.5933,1,synthetic
2026-03-21 16:02:37,64.75,1.66,0,1.1141,1,synthetic
2026-03-21 16:00:39,47.98,2.15,9.52,1.5799,1,synthetic
2026-03-21 16:02:47,51.63,1.92,11.78,0.8752,1,synthetic
2026-03-21 16:00:54,33.1,0.62,7.74,1.9242,1,synthetic
2026-03-21 16:02:26,60.55,1.98,4.4,2.075,1,synthetic
2026-03-21 16:01:17,41.75,0.63,1.02,1.0638,0,synthetic
2026-03-21 16:00:05,45.91,1.68,12.61,1.0165,1,synthetic
2026-03-21 16:01:18,42.93,1.4,4.62,0.6118,0,synthetic
2026-03-21 16:00:54,39.31,1.48,2.76,0.8747,0,synthetic
2026-03-21 16:01:57,62.08,1.92,10.43,1.4131,1,synthetic
2026-03-21 16:01:20,56.93,2.51,1.31,1.7567,1,synthetic
2026-03-21 16:02:53,42.1,2.47,4.73,1.1853,1,synthetic
2026-03-21 16:02:30,31.75,0.98,1.06,0.772,0,synthetic
2026-03-21 16:01:19,41.15,0.8,5.78,0.796,0,synthetic
2026-03-21 16:02:20,45.85,2.39,4.5,2.2287,1,synthetic
2026-03-21 15:59:42,31.74,0.33,6.02,0.8602,0,synthetic
2026-03-21 16:00:20,51.47,1.31,5.84,3.1151,1,synthetic
2026-03-21 16:01:50,44.6,2.17,6.24,1.0898,1,synthetic
2026-03-21 15:59:54,45.35,2.19,1.14,1.3054,1,synthetic
2026-03-21 16:00:46,51.09,1.44,0.74,1.586,1,synthetic
2026-03-21 15:59:52,58.7,1.86,1.64,0.8954,1,synthetic
2026-03-21 16:00:04,37.24,2.48,1.28,2.2892,1,synthetic
2026-03-21 16:00:52,48.54,0.88,0.72,1.0759,0,synthetic
2026-03-21 15:59:55,32.59,0.77,5.55,0.8941,0,synthetic
2026-03-21 16:00:33,55.0,1.29,6.6,1.2163,1,synthetic
2026-03-21 16:00:45,42.0,1.43,2.62,0.7378,0,synthetic
2026-03-21 16:00:07,40.12,1.41,7.7,1.3695,1,synthetic
2026-03-21 16:00:52,69.07,2.4,8.01,1.2779,1,synthetic
2026-03-21 16:02:29,37.49,1.91,0.51,0.6765,0,synthetic
2026-03-21 16:02:09,39.55,1.4,5.29,0.3908,0,synthetic
2026-03-21 16:01:16,38.49,1.19,4.51,1.028,0,synthetic
2026-03-21 15:59:44,32.79,0.63,1.89,0.3463,0,synthetic
2026-03-21 16:00:43,58.26,1.93,5.7,2.4801,1,synthetic
2026-03-21 16:02:45,42.97,2.09,1.28,0.7369,1,synthetic
2026-03-21 15:59:46,56.65,2.38,6.07,1.3034,1,synthetic
2026-03-21 16:01:05,48.33,2.48,4.59,1.6508,1,synthetic
2026-03-21 15:59:59,57.13,2.42,14.54,2.4415,1,synthetic
2026-03-21 16:00:10,47.94,1.39,10.83,2.0423,1,synthetic
2026-03-21 16:02:32,50.28,2.23,1.39,1.6755,1,synthetic
2026-03-21 16:02:00,29.25,0.79,1.82,1.145,0,synthetic
2026-03-21 16:00:47,53.3,1.34,3.36,1.1099,1,synthetic
2026-03-21 16:01:53,28.16,1.33,2.87,0.3848,0,synthetic
2026-03-21 16:01:59,40.46,1.29,1.12,1.6725,0,synthetic
2026-03-21 16:00:32,30.15,1.65,3.79,1.178,0,synthetic
2026-03-21 16:00:34,35.43,0.45,4.45,1.6624,0,synthetic
2026-03-21 16:01:57,50.83,0.65,1.94,0.377,0,synthetic
2026-03-21 15:59:55,63.26,2.06,0.42,2.26,1,synthetic
2026-03-21 16:02:55,43.57,2.4,10.17,1.2613,1,synthetic
2026-03-21 16:01:04,41.49,1.33,2.79,1.2595,0,synthetic
2026-03-21 16:01:22,53.28,1.03,4.2,1.9197,1,synthetic
2026-03-21 16:01:40,34.45,1.16,6.21,0.2766,0,synthetic
2026-03-21 16:01:35,40.23,0.92,1.56,0.4532,0,synthetic
2026-03-21 16:00:17,42.0,2.03,7.64,1.3423,1,synthetic
2026-03-21 15:59:56,50.22,2.63,0,2.1912,1,synthetic
2026-03-21 16:00:12,47.15,2.07,7.23,1.9111,1,synthetic
2026-03-21 16:02:37,28.11,1.52,5.13,1.2044,0,synthetic
2026-03-21 16:01:07,52.0,1.32,3.55,0.4986,0,synthetic
2026-03-21 16:02:13,46.06,2.11,2.32,1.5779,1,synthetic
2026-03-21 16:00:53,47.01,0.87,4.23,0.4048,0,synthetic
2026-03-21 16:02:44,56.55,2.04,7.65,1.6173,1,synthetic
2026-03-21 16:02:23,49.29,1.65,12.51,0.8954,1,synthetic
2026-03-21 16:02:18,44.48,1.15,5.22,0.8775,0,synthetic
2026-03-21 16:00:42,46.88,1.35,2.63,0.9789,0,synthetic
2026-03-21 15:59:53,34.94,1.55,1.35,0.4228,0,synthetic
2026-03-21 16:02:49,42.31,0.63,4.55,0.3257,0,synthetic
2026-03-21 16:00:30,39.44,2.28,8.56,1.562,1,synthetic
2026-03-21 16:01:17,45.2,1.6,3.3,1.4315,1,synthetic
2026-03-21 16:02:56,54.79,1.71,2.03,1.4905,1,synthetic
2026-03-21 16:02:46,42.67,1.5,3.62,0.8419,0,synthetic
2026-03-21 16:02:53,35.73,0.98,2.02,1.1803,0,synthetic
2026-03-21 16:01:42,60.33,1.42,10.36,1.2524,1,synthetic
2026-03-21 16:01:15,39.7,0.33,1.46,0.8345,0,synthetic
2026-03-21 16:00:34,69.56,1.66,10.78,1.7481,1,synthetic
2026-03-21 16:00:31,33.59,0.77,2.82,1.0842,0,synthetic
2026-03-21 16:00:39,43.55,1.28,0,0,0,synthetic
2026-03-21 15:59:49,34.31,1.92,6.56,1.0211,1,synthetic
2026-03-21 16:02:08,48.02,1.59,6.02,1.8204,1,synthetic
2026-03-21 16:01:32,37.74,1.03,0.42,0.4312,0,synthetic
2026-03-21 16:00:17,43.66,1.58,4.59,0.5258,0,synthetic
2026-03-21 16:02:19,42.15,0.45,4.84,0.5395,0,synthetic
2026-03-21 16:02:06,45.36,0.64,10.34,1.3637,1,synthetic
2026-03-21 16:02:51,35.0,1.05,10.54,1.3822,1,synthetic
2026-03-21 15:59:50,52.99,1.89,7.46,1.613,1,synthetic
2026-03-21 16:02:17,37.91,1.44,1.63,0.2905,0,synthetic
2026-03-21 16:00:25,67.17,1.87,3.64,2.0337,1,synthetic
2026-03-21 16:00:51,62.78,1.85,9.06,2.5822,1,synthetic
2026-03-21 16:01:14,42.74,2.28,5.02,1.7902,1,synthetic
2026-03-21 16:02:57,29.58,0.21,1.1,0.6906,0,synthetic
2026-03-21 15:59:46,42.42,1.09,1.12,1.055,0,synthetic
2026-03-21 16:01:46,41.23,2.25,7.6,2.2543,1,synthetic
2026-03-21 16:02:12,47.3,2.36,4.85,1.2411,0,synthetic
2026-03-21 16:01:39,59.11,2.18,5.33,1.9937,1,synthetic
2026-03-21 16:01:02,33.35,0.96,5.3,0.8865,0,synthetic
2026-03-21 16:01:36,56.22,1.63,1.45,1.4761,1,synthetic
2026-03-21 16:01:09,32.98,1.02,0.07,0.4251,0,synthetic
2026-03-21 16:01:13,37.96,2.1,3.64,0.8277,0,synthetic
2026-03-21 16:01:28,40.85,0.86,0.85,1.0341,0,synthetic
2026-03-21 16:01:25,46.44,0.61,3.14,0.443,0,synthetic
2026-03-21 16:01:28,56.59,1.86,12.53,1.1326,1,synthetic
2026-03-21 16:01:29,44.22,1.33,3.28,1.4184,1,synthetic
2026-03-21 16:00:02,27.04,0.73,2.59,1.7152,0,synthetic
2026-03-21 16:02:07,46.29,1.02,3.97,0.5011,0,synthetic
2026-03-21 16:00:16,55.98,1.96,4.09,1.282,1,synthetic
2026-03-21 16:02:35,41.87,0.89,1.54,0.4363,0,synthetic
2026-03-21 16:02:34,50.53,2.27,9.12,1.1156,1,synthetic
2026-03-21 16:02:36,51.05,2.47,11.96,1.9733,1,synthetic
2026-03-21 16:01:56,48.66,0.8,1.73,0.4543,0,synthetic
2026-03-21 16:00:16,41.63,1.58,1.94,0.7875,0,synthetic
2026-03-21 16:01:44,32.94,0.62,2.31,0.4893,0,synthetic
2026-03-21 16:01:46,34.19,0.58,5.19,0.9986,0,synthetic
2026-03-21 16:01:20,35.97,0.48,5.51,1.0982,0,synthetic
2026-03-21 15:59:42,50.84,1.75,7.8,2.2335,1,synthetic
2026-03-21 16:01:38,64.61,2.41,6.19,1.5927,1,synthetic
2026-03-21 16:01:21,43.77,0.68,2.75,0.4314,0,synthetic
2026-03-21 16:00:26,45.01,2.02,2.93,2.2188,1,synthetic
2026-03-21 16:02:15,58.12,2.43,6.57,1.4765,1,synthetic
2026-03-21 16:00:46,41.78,1.01,4.36,0.3975,0,synthetic
2026-03-21 16:01:26,50.4,1.98,3.15,1.4389,1,synthetic
2026-03-21 16:00:36,51.04,1.55,7.61,3.0666,1,synthetic
2026-03-21 16:02:46,56.86,1.56,4.53,2.2055,1,synthetic
2026-03-21 16:00:23,34.37,0.3,0,1.2665,0,synthetic
2026-03-21 16:01:54,37.61,1.75,2.45,1.0316,0,synthetic
2026-03-21 16:01:45,60.83,2.68,7.38,1.4967,1,synthetic
2026-03-21 16:02:35,52.75,1.8,9.68,1.0069,1,synthetic
2026-03-21 16:00:23,55.97,1.25,1.62,2.1184,1,synthetic
2026-03-21 16:00:22,45.97,1.29,1.86,0.869,0,synthetic
2026-03-21 16:02:49,51.6,2.24,7.22,1.2146,1,synthetic
2026-03-21 16:00:47,48.51,1.95,0.65,1.2403,0,synthetic
2026-03-21 16:00:55,50.57,1.38,3.76,1.1722,0,synthetic
2026-03-21 16:01:07,45.94,1.68,8.14,1.2059,1,synthetic
2026-03-21 16:02:08,43.52,2.18,4.02,0.667,0,synthetic
2026-03-21 16:00:01,46.83,1.92,6.97,2.4526,1,synthetic
2026-03-21 16:01:10,61.9,1.32,10.49,1.7648,1,synthetic
2026-03-21 16:00:26,36.11,1.48,1.27,0.0118,0,synthetic
2026-03-21 16:02:50,50.65,1.85,0,2.9892,1,synthetic
2026-03-21 16:00:08,39.2,2.51,0.6,2.8355,1,synthetic
2026-03-21 15:59:41,50.43,2.36,12.62,1.131,1,synthetic
2026-03-21 16:00:05,37.54,1.22,0.79,0.8908,0,synthetic
2026-03-21 16:00:58,34.13,1.13,3.25,0.859,0,synthetic
2026-03-21 16:02:11,51.09,1.87,9.64,1.4557,1,synthetic
2026-03-21 16:00:37,65.44,2.01,3.33,2.118,1,synthetic
2026-03-21 16:02:27,45.14,1.34,4.3,0.1113,0,synthetic
2026-03-21 16:00:56,22.27,1.76,4.07,0.6987,0,synthetic
2026-03-21 16:01:09,43.92,1.55,13.12,1.5631,1,synthetic
2026-03-21 16:00:56,53.05,1.99,2.37,1.9329,1,synthetic
2026-03-21 16:02:23,41.73,1.76,1.24,1.4839,0,synthetic
2026-03-21 16:00:01,39.06,1.67,0.17,0.8732,0,synthetic
2026-03-21 16:00:48,60.7,1.48,5.88,1.9436,1,synthetic
2026-03-21 16:02:16,38.37,1.24,1.77,1.2026,0,synthetic
2026-03-21 16:00:07,30.78,1.25,7.67,0.6299,0,synthetic
2026-03-21 16:02:33,60.28,1.26,0,1.3898,1,synthetic
2026-03-21 15:59:45,37.62,1.01,5.71,1.1773,0,synthetic
2026-03-21 16:01:36,37.11,2.06,2.43,1.3528,0,synthetic
2026-03-21 16:00:41,46.08,2.1,5.24,0.6339,0,synthetic
2026-03-21 15:59:53,50.38,2.12,8.93,1.3023,1,synthetic
2026-03-21 16:00:02,51.52,1.13,10.48,1.1754,1,synthetic
2026-03-21 16:02:38,41.28,1.33,3.41,0.548,0,synthetic
2026-03-21 16:02:31,41.87,1.71,1.0,1.4971,0,synthetic
2026-03-21 16:00:08,35.8,1.73,0.95,1.4653,0,synthetic
2026-03-21 16:00:20,41.13,0.33,2.64,1.3651,0,synthetic
2026-03-21 16:02:55,38.55,0.89,2.57,1.3687,0,synthetic
2026-03-21 16:01:37,49.48,1.88,10.84,0.9661,1,synthetic
2026-03-21 16:01:59,62.49,2.22,6.46,1.6955,1,synthetic
2026-03-21 16:01:48,53.25,2.12,3.22,0.8331,1,synthetic
2026-03-21 16:01:24,50.68,1.77,8.15,1.4887,1,synthetic
2026-03-21 16:02:57,58.64,1.98,5.8,1.8055,1,synthetic
2026-03-21 16:01:15,37.27,2.55,8.13,1.5971,1,synthetic
2026-03-21 16:00:29,47.47,2.32,5.56,1.159,1,synthetic
2026-03-21 16:01:08,41.98,2.15,1.55,1.1172,0,synthetic
2026-03-21 16:00:27,53.63,1.33,9.76,1.4864,1,synthetic
2026-03-21 16:02:40,54.34,1.88,7.27,2.0948,1,synthetic
2026-03-21 16:00:19,44.32,1.35,2.56,0.7393,0,synthetic
2026-03-21 16:01:31,30.32,0.66,2.84,0.1888,0,synthetic
2026-03-21 16:01:11,45.29,1.39,5.3,1.1366,1,synthetic
2026-03-21 15:59:44,54.38,1.89,8.58,1.7939,1,synthetic
2026-03-21 16:02:02,50.47,2.07,1.66,2.408,1,synthetic
2026-03-21 16:00:27,48.11,1.0,1.19,0.8811,0,synthetic
2026-03-21 16:02:12,64.95,1.93,0.88,1.1956,1,synthetic
2026-03-21 16:01:51,46.68,1.58,2.2,1.1894,0,synthetic
2026-03-21 16:01:39,39.52,0.74,2.45,1.2398,0,synthetic
2026-03-21 16:01:47,43.52,1.49,1.06,0.867,0,synthetic
2026-03-21 16:01:18,42.66,1.82,7.76,2.9001,1,synthetic
2026-03-21 16:02:47,32.72,1.3,3.53,0.9934,0,synthetic
2026-03-21 16:01:55,32.35,1.09,3.13,0.7427,0,synthetic
2026-03-21 16:00:50,34.74,0.52,3.62,1.0114,0,synthetic
2026-03-21 16:02:01,62.06,1.43,8.7,2.4468,1,synthetic
2026-03-21 16:02:42,34.69,1.32,2.11,1.1793,0,synthetic
2026-03-21 16:00:15,50.44,2.33,7.52,1.8408,1,synthetic
2026-03-21 15:59:59,38.3,1.1,1.86,0.9509,0,synthetic
2026-03-21 16:00:28,31.41,1.38,3.71,0.5526,0,synthetic
2026-03-21 16:00:59,48.39,1.35,0.22,1.0232,0,synthetic
2026-03-21 16:02:03,55.57,1.92,8.63,1.353,1,synthetic
2026-03-21 16:01:12,45.74,2.19,2.97,1.6937,1,synthetic
2026-03-21 16:01:04,54.92,2.08,7.88,1.4688,1,synthetic
2026-03-21 16:00:41,65.27,1.4,7.2,2.7774,1,synthetic
2026-03-21 16:01:03,60.71,2.62,6.27,1.6854,1,synthetic
2026-03-21 16:02:01,40.63,2.02,3.35,0.1907,0,synthetic
2026-03-21 15:59:51,35.62,0.59,7.67,1.25,0,synthetic
2026-03-21 16:02:42,49.72,1.11,5.2,1.3354,1,synthetic
2026-03-21 16:02:29,46.61,1.69,9.27,1.3487,1,synthetic
2026-03-21 16:01:33,40.59,1.22,1.71,0.9295,0,synthetic
2026-03-21 16:02:13,52.49,1.53,4.15,1.1476,0,synthetic
2026-03-21 15:59:43,48.54,2.21,5.25,0.9787,0,synthetic
2026-03-21 16:02:14,42.55,0.76,2.01,1.0497,0,synthetic
2026-03-21 16:00:49,43.35,1.24,3.31,1.6244,0,synthetic
2026-03-21 16:00:45,41.94,2.05,3.99,1.5486,1,synthetic
2026-03-21 15:59:48,32.72,0.36,1.65,1.0092,0,synthetic
2026-03-21 16:01:25,43.83,1.74,6.56,1.4562,1,synthetic
2026-03-21 16:02:05,42.16,0.47,2.36,0.1873,0,synthetic
2026-03-21 15:59:57,34.8,1.06,6.17,1.5046,0,synthetic
2026-03-21 15:59:40,49.3,1.42,5.28,0.161,0,synthetic
2026-03-21 15:59:43,56.34,1.95,10.71,1.3565,1,synthetic
2026-03-21 16:00:09,33.84,1.16,8.56,1.2555,1,synthetic
2026-03-21 16:00:11,48.4,2.34,10.45,1.1952,1,synthetic
2026-03-21 16:02:44,34.6,0.58,0.82,0.9484,0,synthetic
2026-03-21 16:01:50,53.12,2.14,4.07,1.2083,0,synthetic
2026-03-21 16:02:41,50.65,1.65,0.82,1.2852,1,synthetic
2026-03-21 16:02:52,42.08,0.6,0,1.6607,0,synthetic
2026-03-21 16:01:29,26.61,1.27,0.44,1.2532,0,synthetic
2026-03-21 16:00:59,58.42,2.52,3.74,2.0406,1,synthetic
2026-03-21 16:01:08,60.01,1.42,14.08,1.1152,1,synthetic
2026-03-21 16:01:43,40.24,0.88,2.4,0.3262,0,synthetic
2026-03-21 16:01:31,57.09,2.0,5.16,2.0189,1,synthetic
2026-03-21 16:02:25,49.61,1.7,1.59,0.6652,0,synthetic
2026-03-21 16:02:31,45.33,2.13,14.18,1.6635,1,synthetic
2026-03-21 16:00:00,47.25,2.49,4.93,1.7762,1,synthetic
2026-03-21 16:01:44,68.62,1.6,9.43,2.1188,1,synthetic
2026-03-21 15:59:51,48.2,2.37,7.6,1.5463,1,synthetic
2026-03-21 16:02:50,45.66,2.12,4.91,1.0884,0,synthetic
2026-03-21 16:02:26,37.1,0.87,0.25,0.7248,0,synthetic
2026-03-21 16:02:52,46.51,1.95,11.94,1.4845,1,synthetic
2026-03-21 16:02:21,37.52,1.13,3.44,0.9934,0,synthetic
2026-03-21 16:02:40,43.21,1.17,2.38,0.774,0,synthetic
2026-03-21 16:00:06,42.73,1.54,3.7,1.7664,1,synthetic
2026-03-21 16:01:27,57.01,2.21,6.76,0.792,1,synthetic
2026-03-21 16:00:53,49.85,2.24,13.22,2.4285,1,synthetic
2026-03-21 16:01:00,36.27,1.39,4.48,1.0118,0,synthetic
2026-03-21 16:01:56,54.28,1.61,3.68,1.1266,1,synthetic
2026-03-21 16:02:32,38.43,1.2,6.61,1.0419,0,synthetic
2026-03-21 16:00:38,59.99,1.58,4.86,1.7989,1,synthetic
2026-03-21 15:59:45,54.85,1.69,7.12,2.3245,1,synthetic
2026-03-21 16:01:01,62.72,1.88,5.68,1.7233,1,synthetic
2026-03-21 16:01:12,44.05,1.68,5.06,0.5318,0,synthetic
2026-03-21 16:01:05,33.93,2.13,5.51,0.8459,0,synthetic
2026-03-21 16:00:33,32.47,0.7,3.73,0.6251,0,synthetic
2026-03-21 15:59:58,45.75,1.9,6.53,0.8071,1,synthetic
2026-03-21 16:02:00,40.71,1.46,8.97,1.8954,1,synthetic
2026-03-21 16:02:19,63.22,2.61,8.98,0.7655,1,synthetic
2026-03-21 16:00:14,60.8,1.2,6.57,1.7257,1,synthetic
